1,1,0.0055248618784530384,boa-negotiator.boaframework.offeringstrategy.anac2010.AgentK_Offering-C..Users.Arvid.workspace.IN4010.bin.boaexample.Group39_AS_e_k-negotiator.boaframework.opponentmodel.AgentLGModel-negotiator.boaframework.omstrategy.NTFTstrategy@6,(Offer  bid:Bid[Food: Chips and Nuts, Drinks: Beer Only, Location: Party Room, Invitations: Custom, Handmade, Music: DJ, Cleanup: Specialized Materials])
1,2,0.0055248618784530384,boa-negotiator.boaframework.offeringstrategy.anac2010.AgentK_Offering-C..Users.Arvid.workspace.IN4010.bin.boaexample.Group39_AS_e_k-negotiator.boaframework.opponentmodel.AgentLGModel-negotiator.boaframework.omstrategy.NTFTstrategy@7,(Offer  bid:Bid[Food: Catering, Drinks: Handmade Cocktails, Location: Party Room, Invitations: Custom, Printed, Music: MP3, Cleanup: Water and Soap])
2,1,0.011049723756906077,boa-negotiator.boaframework.offeringstrategy.anac2010.AgentK_Offering-C..Users.Arvid.workspace.IN4010.bin.boaexample.Group39_AS_e_k-negotiator.boaframework.opponentmodel.AgentLGModel-negotiator.boaframework.omstrategy.NTFTstrategy@6,(Offer  bid:Bid[Food: Chips and Nuts, Drinks: Beer Only, Location: Party Room, Invitations: Custom, Handmade, Music: DJ, Cleanup: Specialized Materials])
2,2,0.011049723756906077,boa-negotiator.boaframework.offeringstrategy.anac2010.AgentK_Offering-C..Users.Arvid.workspace.IN4010.bin.boaexample.Group39_AS_e_k-negotiator.boaframework.opponentmodel.AgentLGModel-negotiator.boaframework.omstrategy.NTFTstrategy@7,(Offer  bid:Bid[Food: Catering, Drinks: Handmade Cocktails, Location: Party Room, Invitations: Custom, Printed, Music: MP3, Cleanup: Water and Soap])
3,1,0.016574585635359115,boa-negotiator.boaframework.offeringstrategy.anac2010.AgentK_Offering-C..Users.Arvid.workspace.IN4010.bin.boaexample.Group39_AS_e_k-negotiator.boaframework.opponentmodel.AgentLGModel-negotiator.boaframework.omstrategy.NTFTstrategy@6,(Offer  bid:Bid[Food: Chips and Nuts, Drinks: Beer Only, Location: Party Room, Invitations: Custom, Handmade, Music: DJ, Cleanup: Specialized Materials])
3,2,0.016574585635359115,boa-negotiator.boaframework.offeringstrategy.anac2010.AgentK_Offering-C..Users.Arvid.workspace.IN4010.bin.boaexample.Group39_AS_e_k-negotiator.boaframework.opponentmodel.AgentLGModel-negotiator.boaframework.omstrategy.NTFTstrategy@7,(Offer  bid:Bid[Food: Catering, Drinks: Handmade Cocktails, Location: Party Room, Invitations: Custom, Printed, Music: MP3, Cleanup: Water and Soap])
4,1,0.022099447513812154,boa-negotiator.boaframework.offeringstrategy.anac2010.AgentK_Offering-C..Users.Arvid.workspace.IN4010.bin.boaexample.Group39_AS_e_k-negotiator.boaframework.opponentmodel.AgentLGModel-negotiator.boaframework.omstrategy.NTFTstrategy@6,(Offer  bid:Bid[Food: Chips and Nuts, Drinks: Beer Only, Location: Party Room, Invitations: Custom, Handmade, Music: DJ, Cleanup: Specialized Materials])
4,2,0.022099447513812154,boa-negotiator.boaframework.offeringstrategy.anac2010.AgentK_Offering-C..Users.Arvid.workspace.IN4010.bin.boaexample.Group39_AS_e_k-negotiator.boaframework.opponentmodel.AgentLGModel-negotiator.boaframework.omstrategy.NTFTstrategy@7,(Offer  bid:Bid[Food: Catering, Drinks: Handmade Cocktails, Location: Party Room, Invitations: Custom, Printed, Music: MP3, Cleanup: Water and Soap])
5,1,0.027624309392265192,boa-negotiator.boaframework.offeringstrategy.anac2010.AgentK_Offering-C..Users.Arvid.workspace.IN4010.bin.boaexample.Group39_AS_e_k-negotiator.boaframework.opponentmodel.AgentLGModel-negotiator.boaframework.omstrategy.NTFTstrategy@6,(Offer  bid:Bid[Food: Chips and Nuts, Drinks: Beer Only, Location: Party Room, Invitations: Custom, Handmade, Music: DJ, Cleanup: Specialized Materials])
5,2,0.027624309392265192,boa-negotiator.boaframework.offeringstrategy.anac2010.AgentK_Offering-C..Users.Arvid.workspace.IN4010.bin.boaexample.Group39_AS_e_k-negotiator.boaframework.opponentmodel.AgentLGModel-negotiator.boaframework.omstrategy.NTFTstrategy@7,(Offer  bid:Bid[Food: Catering, Drinks: Handmade Cocktails, Location: Party Room, Invitations: Custom, Printed, Music: MP3, Cleanup: Water and Soap])
6,1,0.03314917127071823,boa-negotiator.boaframework.offeringstrategy.anac2010.AgentK_Offering-C..Users.Arvid.workspace.IN4010.bin.boaexample.Group39_AS_e_k-negotiator.boaframework.opponentmodel.AgentLGModel-negotiator.boaframework.omstrategy.NTFTstrategy@6,(Offer  bid:Bid[Food: Chips and Nuts, Drinks: Beer Only, Location: Party Room, Invitations: Custom, Handmade, Music: DJ, Cleanup: Specialized Materials])
6,2,0.03314917127071823,boa-negotiator.boaframework.offeringstrategy.anac2010.AgentK_Offering-C..Users.Arvid.workspace.IN4010.bin.boaexample.Group39_AS_e_k-negotiator.boaframework.opponentmodel.AgentLGModel-negotiator.boaframework.omstrategy.NTFTstrategy@7,(Offer  bid:Bid[Food: Catering, Drinks: Handmade Cocktails, Location: Party Room, Invitations: Custom, Printed, Music: MP3, Cleanup: Water and Soap])
7,1,0.03867403314917127,boa-negotiator.boaframework.offeringstrategy.anac2010.AgentK_Offering-C..Users.Arvid.workspace.IN4010.bin.boaexample.Group39_AS_e_k-negotiator.boaframework.opponentmodel.AgentLGModel-negotiator.boaframework.omstrategy.NTFTstrategy@6,(Offer  bid:Bid[Food: Chips and Nuts, Drinks: Beer Only, Location: Party Room, Invitations: Custom, Handmade, Music: DJ, Cleanup: Specialized Materials])
7,2,0.03867403314917127,boa-negotiator.boaframework.offeringstrategy.anac2010.AgentK_Offering-C..Users.Arvid.workspace.IN4010.bin.boaexample.Group39_AS_e_k-negotiator.boaframework.opponentmodel.AgentLGModel-negotiator.boaframework.omstrategy.NTFTstrategy@7,(Offer  bid:Bid[Food: Catering, Drinks: Handmade Cocktails, Location: Party Room, Invitations: Custom, Printed, Music: MP3, Cleanup: Water and Soap])
8,1,0.04419889502762431,boa-negotiator.boaframework.offeringstrategy.anac2010.AgentK_Offering-C..Users.Arvid.workspace.IN4010.bin.boaexample.Group39_AS_e_k-negotiator.boaframework.opponentmodel.AgentLGModel-negotiator.boaframework.omstrategy.NTFTstrategy@6,(Offer  bid:Bid[Food: Chips and Nuts, Drinks: Beer Only, Location: Party Room, Invitations: Custom, Handmade, Music: DJ, Cleanup: Specialized Materials])
8,2,0.04419889502762431,boa-negotiator.boaframework.offeringstrategy.anac2010.AgentK_Offering-C..Users.Arvid.workspace.IN4010.bin.boaexample.Group39_AS_e_k-negotiator.boaframework.opponentmodel.AgentLGModel-negotiator.boaframework.omstrategy.NTFTstrategy@7,(Offer  bid:Bid[Food: Catering, Drinks: Handmade Cocktails, Location: Party Room, Invitations: Custom, Printed, Music: MP3, Cleanup: Water and Soap])
9,1,0.049723756906077346,boa-negotiator.boaframework.offeringstrategy.anac2010.AgentK_Offering-C..Users.Arvid.workspace.IN4010.bin.boaexample.Group39_AS_e_k-negotiator.boaframework.opponentmodel.AgentLGModel-negotiator.boaframework.omstrategy.NTFTstrategy@6,(Offer  bid:Bid[Food: Chips and Nuts, Drinks: Beer Only, Location: Party Room, Invitations: Custom, Handmade, Music: DJ, Cleanup: Specialized Materials])
9,2,0.049723756906077346,boa-negotiator.boaframework.offeringstrategy.anac2010.AgentK_Offering-C..Users.Arvid.workspace.IN4010.bin.boaexample.Group39_AS_e_k-negotiator.boaframework.opponentmodel.AgentLGModel-negotiator.boaframework.omstrategy.NTFTstrategy@7,(Offer  bid:Bid[Food: Catering, Drinks: Handmade Cocktails, Location: Party Room, Invitations: Custom, Printed, Music: MP3, Cleanup: Water and Soap])
10,1,0.055248618784530384,boa-negotiator.boaframework.offeringstrategy.anac2010.AgentK_Offering-C..Users.Arvid.workspace.IN4010.bin.boaexample.Group39_AS_e_k-negotiator.boaframework.opponentmodel.AgentLGModel-negotiator.boaframework.omstrategy.NTFTstrategy@6,(Offer  bid:Bid[Food: Chips and Nuts, Drinks: Beer Only, Location: Party Room, Invitations: Custom, Handmade, Music: DJ, Cleanup: Specialized Materials])
10,2,0.055248618784530384,boa-negotiator.boaframework.offeringstrategy.anac2010.AgentK_Offering-C..Users.Arvid.workspace.IN4010.bin.boaexample.Group39_AS_e_k-negotiator.boaframework.opponentmodel.AgentLGModel-negotiator.boaframework.omstrategy.NTFTstrategy@7,(Offer  bid:Bid[Food: Catering, Drinks: Handmade Cocktails, Location: Party Room, Invitations: Custom, Printed, Music: MP3, Cleanup: Water and Soap])
11,1,0.06077348066298342,boa-negotiator.boaframework.offeringstrategy.anac2010.AgentK_Offering-C..Users.Arvid.workspace.IN4010.bin.boaexample.Group39_AS_e_k-negotiator.boaframework.opponentmodel.AgentLGModel-negotiator.boaframework.omstrategy.NTFTstrategy@6,(Offer  bid:Bid[Food: Chips and Nuts, Drinks: Beer Only, Location: Party Room, Invitations: Custom, Handmade, Music: DJ, Cleanup: Specialized Materials])
11,2,0.06077348066298342,boa-negotiator.boaframework.offeringstrategy.anac2010.AgentK_Offering-C..Users.Arvid.workspace.IN4010.bin.boaexample.Group39_AS_e_k-negotiator.boaframework.opponentmodel.AgentLGModel-negotiator.boaframework.omstrategy.NTFTstrategy@7,(Offer  bid:Bid[Food: Catering, Drinks: Handmade Cocktails, Location: Party Room, Invitations: Custom, Printed, Music: MP3, Cleanup: Water and Soap])
12,1,0.06629834254143646,boa-negotiator.boaframework.offeringstrategy.anac2010.AgentK_Offering-C..Users.Arvid.workspace.IN4010.bin.boaexample.Group39_AS_e_k-negotiator.boaframework.opponentmodel.AgentLGModel-negotiator.boaframework.omstrategy.NTFTstrategy@6,(Offer  bid:Bid[Food: Chips and Nuts, Drinks: Beer Only, Location: Party Room, Invitations: Custom, Handmade, Music: DJ, Cleanup: Specialized Materials])
12,2,0.06629834254143646,boa-negotiator.boaframework.offeringstrategy.anac2010.AgentK_Offering-C..Users.Arvid.workspace.IN4010.bin.boaexample.Group39_AS_e_k-negotiator.boaframework.opponentmodel.AgentLGModel-negotiator.boaframework.omstrategy.NTFTstrategy@7,(Offer  bid:Bid[Food: Catering, Drinks: Handmade Cocktails, Location: Party Room, Invitations: Custom, Printed, Music: MP3, Cleanup: Water and Soap])
13,1,0.0718232044198895,boa-negotiator.boaframework.offeringstrategy.anac2010.AgentK_Offering-C..Users.Arvid.workspace.IN4010.bin.boaexample.Group39_AS_e_k-negotiator.boaframework.opponentmodel.AgentLGModel-negotiator.boaframework.omstrategy.NTFTstrategy@6,(Offer  bid:Bid[Food: Chips and Nuts, Drinks: Beer Only, Location: Party Room, Invitations: Custom, Handmade, Music: DJ, Cleanup: Specialized Materials])
13,2,0.0718232044198895,boa-negotiator.boaframework.offeringstrategy.anac2010.AgentK_Offering-C..Users.Arvid.workspace.IN4010.bin.boaexample.Group39_AS_e_k-negotiator.boaframework.opponentmodel.AgentLGModel-negotiator.boaframework.omstrategy.NTFTstrategy@7,(Offer  bid:Bid[Food: Catering, Drinks: Handmade Cocktails, Location: Party Room, Invitations: Custom, Printed, Music: MP3, Cleanup: Water and Soap])
14,1,0.07734806629834254,boa-negotiator.boaframework.offeringstrategy.anac2010.AgentK_Offering-C..Users.Arvid.workspace.IN4010.bin.boaexample.Group39_AS_e_k-negotiator.boaframework.opponentmodel.AgentLGModel-negotiator.boaframework.omstrategy.NTFTstrategy@6,(Offer  bid:Bid[Food: Chips and Nuts, Drinks: Beer Only, Location: Party Room, Invitations: Custom, Handmade, Music: DJ, Cleanup: Specialized Materials])
14,2,0.07734806629834254,boa-negotiator.boaframework.offeringstrategy.anac2010.AgentK_Offering-C..Users.Arvid.workspace.IN4010.bin.boaexample.Group39_AS_e_k-negotiator.boaframework.opponentmodel.AgentLGModel-negotiator.boaframework.omstrategy.NTFTstrategy@7,(Offer  bid:Bid[Food: Catering, Drinks: Handmade Cocktails, Location: Party Room, Invitations: Custom, Printed, Music: MP3, Cleanup: Water and Soap])
15,1,0.08287292817679558,boa-negotiator.boaframework.offeringstrategy.anac2010.AgentK_Offering-C..Users.Arvid.workspace.IN4010.bin.boaexample.Group39_AS_e_k-negotiator.boaframework.opponentmodel.AgentLGModel-negotiator.boaframework.omstrategy.NTFTstrategy@6,(Offer  bid:Bid[Food: Chips and Nuts, Drinks: Beer Only, Location: Party Room, Invitations: Custom, Handmade, Music: DJ, Cleanup: Specialized Materials])
15,2,0.08287292817679558,boa-negotiator.boaframework.offeringstrategy.anac2010.AgentK_Offering-C..Users.Arvid.workspace.IN4010.bin.boaexample.Group39_AS_e_k-negotiator.boaframework.opponentmodel.AgentLGModel-negotiator.boaframework.omstrategy.NTFTstrategy@7,(Offer  bid:Bid[Food: Catering, Drinks: Handmade Cocktails, Location: Party Room, Invitations: Custom, Printed, Music: MP3, Cleanup: Water and Soap])
16,1,0.08839779005524862,boa-negotiator.boaframework.offeringstrategy.anac2010.AgentK_Offering-C..Users.Arvid.workspace.IN4010.bin.boaexample.Group39_AS_e_k-negotiator.boaframework.opponentmodel.AgentLGModel-negotiator.boaframework.omstrategy.NTFTstrategy@6,(Offer  bid:Bid[Food: Chips and Nuts, Drinks: Beer Only, Location: Party Room, Invitations: Custom, Handmade, Music: DJ, Cleanup: Specialized Materials])
16,2,0.08839779005524862,boa-negotiator.boaframework.offeringstrategy.anac2010.AgentK_Offering-C..Users.Arvid.workspace.IN4010.bin.boaexample.Group39_AS_e_k-negotiator.boaframework.opponentmodel.AgentLGModel-negotiator.boaframework.omstrategy.NTFTstrategy@7,(Offer  bid:Bid[Food: Catering, Drinks: Handmade Cocktails, Location: Party Room, Invitations: Custom, Printed, Music: MP3, Cleanup: Water and Soap])
17,1,0.09392265193370165,boa-negotiator.boaframework.offeringstrategy.anac2010.AgentK_Offering-C..Users.Arvid.workspace.IN4010.bin.boaexample.Group39_AS_e_k-negotiator.boaframework.opponentmodel.AgentLGModel-negotiator.boaframework.omstrategy.NTFTstrategy@6,(Offer  bid:Bid[Food: Chips and Nuts, Drinks: Beer Only, Location: Party Room, Invitations: Custom, Handmade, Music: DJ, Cleanup: Specialized Materials])
17,2,0.09392265193370165,boa-negotiator.boaframework.offeringstrategy.anac2010.AgentK_Offering-C..Users.Arvid.workspace.IN4010.bin.boaexample.Group39_AS_e_k-negotiator.boaframework.opponentmodel.AgentLGModel-negotiator.boaframework.omstrategy.NTFTstrategy@7,(Offer  bid:Bid[Food: Catering, Drinks: Handmade Cocktails, Location: Party Room, Invitations: Custom, Printed, Music: MP3, Cleanup: Water and Soap])
18,1,0.09944751381215469,boa-negotiator.boaframework.offeringstrategy.anac2010.AgentK_Offering-C..Users.Arvid.workspace.IN4010.bin.boaexample.Group39_AS_e_k-negotiator.boaframework.opponentmodel.AgentLGModel-negotiator.boaframework.omstrategy.NTFTstrategy@6,(Offer  bid:Bid[Food: Chips and Nuts, Drinks: Beer Only, Location: Party Room, Invitations: Custom, Handmade, Music: DJ, Cleanup: Specialized Materials])
18,2,0.09944751381215469,boa-negotiator.boaframework.offeringstrategy.anac2010.AgentK_Offering-C..Users.Arvid.workspace.IN4010.bin.boaexample.Group39_AS_e_k-negotiator.boaframework.opponentmodel.AgentLGModel-negotiator.boaframework.omstrategy.NTFTstrategy@7,(Offer  bid:Bid[Food: Catering, Drinks: Handmade Cocktails, Location: Party Room, Invitations: Custom, Printed, Music: MP3, Cleanup: Water and Soap])
19,1,0.10497237569060773,boa-negotiator.boaframework.offeringstrategy.anac2010.AgentK_Offering-C..Users.Arvid.workspace.IN4010.bin.boaexample.Group39_AS_e_k-negotiator.boaframework.opponentmodel.AgentLGModel-negotiator.boaframework.omstrategy.NTFTstrategy@6,(Offer  bid:Bid[Food: Chips and Nuts, Drinks: Beer Only, Location: Party Room, Invitations: Custom, Handmade, Music: DJ, Cleanup: Specialized Materials])
19,2,0.10497237569060773,boa-negotiator.boaframework.offeringstrategy.anac2010.AgentK_Offering-C..Users.Arvid.workspace.IN4010.bin.boaexample.Group39_AS_e_k-negotiator.boaframework.opponentmodel.AgentLGModel-negotiator.boaframework.omstrategy.NTFTstrategy@7,(Offer  bid:Bid[Food: Catering, Drinks: Handmade Cocktails, Location: Party Room, Invitations: Custom, Printed, Music: MP3, Cleanup: Water and Soap])
20,1,0.11049723756906077,boa-negotiator.boaframework.offeringstrategy.anac2010.AgentK_Offering-C..Users.Arvid.workspace.IN4010.bin.boaexample.Group39_AS_e_k-negotiator.boaframework.opponentmodel.AgentLGModel-negotiator.boaframework.omstrategy.NTFTstrategy@6,(Offer  bid:Bid[Food: Chips and Nuts, Drinks: Beer Only, Location: Party Room, Invitations: Custom, Handmade, Music: DJ, Cleanup: Specialized Materials])
20,2,0.11049723756906077,boa-negotiator.boaframework.offeringstrategy.anac2010.AgentK_Offering-C..Users.Arvid.workspace.IN4010.bin.boaexample.Group39_AS_e_k-negotiator.boaframework.opponentmodel.AgentLGModel-negotiator.boaframework.omstrategy.NTFTstrategy@7,(Offer  bid:Bid[Food: Catering, Drinks: Handmade Cocktails, Location: Party Room, Invitations: Custom, Printed, Music: MP3, Cleanup: Water and Soap])
21,1,0.11602209944751381,boa-negotiator.boaframework.offeringstrategy.anac2010.AgentK_Offering-C..Users.Arvid.workspace.IN4010.bin.boaexample.Group39_AS_e_k-negotiator.boaframework.opponentmodel.AgentLGModel-negotiator.boaframework.omstrategy.NTFTstrategy@6,(Offer  bid:Bid[Food: Chips and Nuts, Drinks: Beer Only, Location: Party Room, Invitations: Custom, Handmade, Music: DJ, Cleanup: Specialized Materials])
21,2,0.11602209944751381,boa-negotiator.boaframework.offeringstrategy.anac2010.AgentK_Offering-C..Users.Arvid.workspace.IN4010.bin.boaexample.Group39_AS_e_k-negotiator.boaframework.opponentmodel.AgentLGModel-negotiator.boaframework.omstrategy.NTFTstrategy@7,(Offer  bid:Bid[Food: Catering, Drinks: Handmade Cocktails, Location: Party Room, Invitations: Custom, Printed, Music: MP3, Cleanup: Water and Soap])
22,1,0.12154696132596685,boa-negotiator.boaframework.offeringstrategy.anac2010.AgentK_Offering-C..Users.Arvid.workspace.IN4010.bin.boaexample.Group39_AS_e_k-negotiator.boaframework.opponentmodel.AgentLGModel-negotiator.boaframework.omstrategy.NTFTstrategy@6,(Offer  bid:Bid[Food: Chips and Nuts, Drinks: Beer Only, Location: Party Room, Invitations: Custom, Handmade, Music: DJ, Cleanup: Specialized Materials])
22,2,0.12154696132596685,boa-negotiator.boaframework.offeringstrategy.anac2010.AgentK_Offering-C..Users.Arvid.workspace.IN4010.bin.boaexample.Group39_AS_e_k-negotiator.boaframework.opponentmodel.AgentLGModel-negotiator.boaframework.omstrategy.NTFTstrategy@7,(Offer  bid:Bid[Food: Catering, Drinks: Handmade Cocktails, Location: Party Room, Invitations: Custom, Printed, Music: MP3, Cleanup: Water and Soap])
23,1,0.1270718232044199,boa-negotiator.boaframework.offeringstrategy.anac2010.AgentK_Offering-C..Users.Arvid.workspace.IN4010.bin.boaexample.Group39_AS_e_k-negotiator.boaframework.opponentmodel.AgentLGModel-negotiator.boaframework.omstrategy.NTFTstrategy@6,(Offer  bid:Bid[Food: Chips and Nuts, Drinks: Beer Only, Location: Party Room, Invitations: Custom, Handmade, Music: DJ, Cleanup: Specialized Materials])
23,2,0.1270718232044199,boa-negotiator.boaframework.offeringstrategy.anac2010.AgentK_Offering-C..Users.Arvid.workspace.IN4010.bin.boaexample.Group39_AS_e_k-negotiator.boaframework.opponentmodel.AgentLGModel-negotiator.boaframework.omstrategy.NTFTstrategy@7,(Offer  bid:Bid[Food: Catering, Drinks: Handmade Cocktails, Location: Party Room, Invitations: Custom, Printed, Music: MP3, Cleanup: Water and Soap])
24,1,0.13259668508287292,boa-negotiator.boaframework.offeringstrategy.anac2010.AgentK_Offering-C..Users.Arvid.workspace.IN4010.bin.boaexample.Group39_AS_e_k-negotiator.boaframework.opponentmodel.AgentLGModel-negotiator.boaframework.omstrategy.NTFTstrategy@6,(Offer  bid:Bid[Food: Chips and Nuts, Drinks: Beer Only, Location: Party Room, Invitations: Custom, Handmade, Music: DJ, Cleanup: Specialized Materials])
24,2,0.13259668508287292,boa-negotiator.boaframework.offeringstrategy.anac2010.AgentK_Offering-C..Users.Arvid.workspace.IN4010.bin.boaexample.Group39_AS_e_k-negotiator.boaframework.opponentmodel.AgentLGModel-negotiator.boaframework.omstrategy.NTFTstrategy@7,(Offer  bid:Bid[Food: Catering, Drinks: Handmade Cocktails, Location: Party Room, Invitations: Custom, Printed, Music: MP3, Cleanup: Water and Soap])
25,1,0.13812154696132597,boa-negotiator.boaframework.offeringstrategy.anac2010.AgentK_Offering-C..Users.Arvid.workspace.IN4010.bin.boaexample.Group39_AS_e_k-negotiator.boaframework.opponentmodel.AgentLGModel-negotiator.boaframework.omstrategy.NTFTstrategy@6,(Offer  bid:Bid[Food: Chips and Nuts, Drinks: Beer Only, Location: Party Room, Invitations: Custom, Handmade, Music: DJ, Cleanup: Specialized Materials])
25,2,0.13812154696132597,boa-negotiator.boaframework.offeringstrategy.anac2010.AgentK_Offering-C..Users.Arvid.workspace.IN4010.bin.boaexample.Group39_AS_e_k-negotiator.boaframework.opponentmodel.AgentLGModel-negotiator.boaframework.omstrategy.NTFTstrategy@7,(Offer  bid:Bid[Food: Catering, Drinks: Handmade Cocktails, Location: Party Room, Invitations: Custom, Printed, Music: MP3, Cleanup: Water and Soap])
26,1,0.143646408839779,boa-negotiator.boaframework.offeringstrategy.anac2010.AgentK_Offering-C..Users.Arvid.workspace.IN4010.bin.boaexample.Group39_AS_e_k-negotiator.boaframework.opponentmodel.AgentLGModel-negotiator.boaframework.omstrategy.NTFTstrategy@6,(Offer  bid:Bid[Food: Chips and Nuts, Drinks: Beer Only, Location: Party Room, Invitations: Custom, Handmade, Music: DJ, Cleanup: Specialized Materials])
26,2,0.143646408839779,boa-negotiator.boaframework.offeringstrategy.anac2010.AgentK_Offering-C..Users.Arvid.workspace.IN4010.bin.boaexample.Group39_AS_e_k-negotiator.boaframework.opponentmodel.AgentLGModel-negotiator.boaframework.omstrategy.NTFTstrategy@7,(Offer  bid:Bid[Food: Catering, Drinks: Handmade Cocktails, Location: Party Room, Invitations: Custom, Printed, Music: MP3, Cleanup: Water and Soap])
27,1,0.14917127071823205,boa-negotiator.boaframework.offeringstrategy.anac2010.AgentK_Offering-C..Users.Arvid.workspace.IN4010.bin.boaexample.Group39_AS_e_k-negotiator.boaframework.opponentmodel.AgentLGModel-negotiator.boaframework.omstrategy.NTFTstrategy@6,(Offer  bid:Bid[Food: Chips and Nuts, Drinks: Beer Only, Location: Party Room, Invitations: Custom, Handmade, Music: DJ, Cleanup: Specialized Materials])
27,2,0.14917127071823205,boa-negotiator.boaframework.offeringstrategy.anac2010.AgentK_Offering-C..Users.Arvid.workspace.IN4010.bin.boaexample.Group39_AS_e_k-negotiator.boaframework.opponentmodel.AgentLGModel-negotiator.boaframework.omstrategy.NTFTstrategy@7,(Offer  bid:Bid[Food: Catering, Drinks: Handmade Cocktails, Location: Party Room, Invitations: Custom, Printed, Music: MP3, Cleanup: Water and Soap])
28,1,0.15469613259668508,boa-negotiator.boaframework.offeringstrategy.anac2010.AgentK_Offering-C..Users.Arvid.workspace.IN4010.bin.boaexample.Group39_AS_e_k-negotiator.boaframework.opponentmodel.AgentLGModel-negotiator.boaframework.omstrategy.NTFTstrategy@6,(Offer  bid:Bid[Food: Chips and Nuts, Drinks: Beer Only, Location: Party Room, Invitations: Custom, Handmade, Music: DJ, Cleanup: Specialized Materials])
28,2,0.15469613259668508,boa-negotiator.boaframework.offeringstrategy.anac2010.AgentK_Offering-C..Users.Arvid.workspace.IN4010.bin.boaexample.Group39_AS_e_k-negotiator.boaframework.opponentmodel.AgentLGModel-negotiator.boaframework.omstrategy.NTFTstrategy@7,(Offer  bid:Bid[Food: Catering, Drinks: Handmade Cocktails, Location: Party Room, Invitations: Custom, Printed, Music: MP3, Cleanup: Water and Soap])
29,1,0.16022099447513813,boa-negotiator.boaframework.offeringstrategy.anac2010.AgentK_Offering-C..Users.Arvid.workspace.IN4010.bin.boaexample.Group39_AS_e_k-negotiator.boaframework.opponentmodel.AgentLGModel-negotiator.boaframework.omstrategy.NTFTstrategy@6,(Offer  bid:Bid[Food: Chips and Nuts, Drinks: Beer Only, Location: Party Room, Invitations: Custom, Handmade, Music: DJ, Cleanup: Specialized Materials])
29,2,0.16022099447513813,boa-negotiator.boaframework.offeringstrategy.anac2010.AgentK_Offering-C..Users.Arvid.workspace.IN4010.bin.boaexample.Group39_AS_e_k-negotiator.boaframework.opponentmodel.AgentLGModel-negotiator.boaframework.omstrategy.NTFTstrategy@7,(Offer  bid:Bid[Food: Catering, Drinks: Handmade Cocktails, Location: Party Room, Invitations: Custom, Printed, Music: MP3, Cleanup: Water and Soap])
30,1,0.16574585635359115,boa-negotiator.boaframework.offeringstrategy.anac2010.AgentK_Offering-C..Users.Arvid.workspace.IN4010.bin.boaexample.Group39_AS_e_k-negotiator.boaframework.opponentmodel.AgentLGModel-negotiator.boaframework.omstrategy.NTFTstrategy@6,(Offer  bid:Bid[Food: Chips and Nuts, Drinks: Beer Only, Location: Party Room, Invitations: Custom, Handmade, Music: DJ, Cleanup: Specialized Materials])
30,2,0.16574585635359115,boa-negotiator.boaframework.offeringstrategy.anac2010.AgentK_Offering-C..Users.Arvid.workspace.IN4010.bin.boaexample.Group39_AS_e_k-negotiator.boaframework.opponentmodel.AgentLGModel-negotiator.boaframework.omstrategy.NTFTstrategy@7,(Offer  bid:Bid[Food: Catering, Drinks: Handmade Cocktails, Location: Party Room, Invitations: Custom, Printed, Music: MP3, Cleanup: Water and Soap])
31,1,0.1712707182320442,boa-negotiator.boaframework.offeringstrategy.anac2010.AgentK_Offering-C..Users.Arvid.workspace.IN4010.bin.boaexample.Group39_AS_e_k-negotiator.boaframework.opponentmodel.AgentLGModel-negotiator.boaframework.omstrategy.NTFTstrategy@6,(Offer  bid:Bid[Food: Chips and Nuts, Drinks: Beer Only, Location: Party Room, Invitations: Custom, Handmade, Music: DJ, Cleanup: Specialized Materials])
31,2,0.1712707182320442,boa-negotiator.boaframework.offeringstrategy.anac2010.AgentK_Offering-C..Users.Arvid.workspace.IN4010.bin.boaexample.Group39_AS_e_k-negotiator.boaframework.opponentmodel.AgentLGModel-negotiator.boaframework.omstrategy.NTFTstrategy@7,(Offer  bid:Bid[Food: Catering, Drinks: Handmade Cocktails, Location: Party Room, Invitations: Custom, Printed, Music: MP3, Cleanup: Water and Soap])
32,1,0.17679558011049723,boa-negotiator.boaframework.offeringstrategy.anac2010.AgentK_Offering-C..Users.Arvid.workspace.IN4010.bin.boaexample.Group39_AS_e_k-negotiator.boaframework.opponentmodel.AgentLGModel-negotiator.boaframework.omstrategy.NTFTstrategy@6,(Offer  bid:Bid[Food: Chips and Nuts, Drinks: Beer Only, Location: Party Room, Invitations: Custom, Handmade, Music: DJ, Cleanup: Specialized Materials])
32,2,0.17679558011049723,boa-negotiator.boaframework.offeringstrategy.anac2010.AgentK_Offering-C..Users.Arvid.workspace.IN4010.bin.boaexample.Group39_AS_e_k-negotiator.boaframework.opponentmodel.AgentLGModel-negotiator.boaframework.omstrategy.NTFTstrategy@7,(Offer  bid:Bid[Food: Catering, Drinks: Handmade Cocktails, Location: Party Room, Invitations: Custom, Printed, Music: MP3, Cleanup: Water and Soap])
33,1,0.18232044198895028,boa-negotiator.boaframework.offeringstrategy.anac2010.AgentK_Offering-C..Users.Arvid.workspace.IN4010.bin.boaexample.Group39_AS_e_k-negotiator.boaframework.opponentmodel.AgentLGModel-negotiator.boaframework.omstrategy.NTFTstrategy@6,(Offer  bid:Bid[Food: Chips and Nuts, Drinks: Beer Only, Location: Party Room, Invitations: Custom, Handmade, Music: DJ, Cleanup: Specialized Materials])
33,2,0.18232044198895028,boa-negotiator.boaframework.offeringstrategy.anac2010.AgentK_Offering-C..Users.Arvid.workspace.IN4010.bin.boaexample.Group39_AS_e_k-negotiator.boaframework.opponentmodel.AgentLGModel-negotiator.boaframework.omstrategy.NTFTstrategy@7,(Offer  bid:Bid[Food: Catering, Drinks: Handmade Cocktails, Location: Party Room, Invitations: Custom, Printed, Music: MP3, Cleanup: Water and Soap])
34,1,0.1878453038674033,boa-negotiator.boaframework.offeringstrategy.anac2010.AgentK_Offering-C..Users.Arvid.workspace.IN4010.bin.boaexample.Group39_AS_e_k-negotiator.boaframework.opponentmodel.AgentLGModel-negotiator.boaframework.omstrategy.NTFTstrategy@6,(Offer  bid:Bid[Food: Chips and Nuts, Drinks: Beer Only, Location: Party Room, Invitations: Custom, Handmade, Music: DJ, Cleanup: Specialized Materials])
34,2,0.1878453038674033,boa-negotiator.boaframework.offeringstrategy.anac2010.AgentK_Offering-C..Users.Arvid.workspace.IN4010.bin.boaexample.Group39_AS_e_k-negotiator.boaframework.opponentmodel.AgentLGModel-negotiator.boaframework.omstrategy.NTFTstrategy@7,(Offer  bid:Bid[Food: Catering, Drinks: Handmade Cocktails, Location: Party Room, Invitations: Custom, Printed, Music: MP3, Cleanup: Water and Soap])
35,1,0.19337016574585636,boa-negotiator.boaframework.offeringstrategy.anac2010.AgentK_Offering-C..Users.Arvid.workspace.IN4010.bin.boaexample.Group39_AS_e_k-negotiator.boaframework.opponentmodel.AgentLGModel-negotiator.boaframework.omstrategy.NTFTstrategy@6,(Offer  bid:Bid[Food: Chips and Nuts, Drinks: Beer Only, Location: Party Room, Invitations: Custom, Handmade, Music: DJ, Cleanup: Specialized Materials])
35,2,0.19337016574585636,boa-negotiator.boaframework.offeringstrategy.anac2010.AgentK_Offering-C..Users.Arvid.workspace.IN4010.bin.boaexample.Group39_AS_e_k-negotiator.boaframework.opponentmodel.AgentLGModel-negotiator.boaframework.omstrategy.NTFTstrategy@7,(Offer  bid:Bid[Food: Catering, Drinks: Handmade Cocktails, Location: Party Room, Invitations: Custom, Printed, Music: MP3, Cleanup: Water and Soap])
36,1,0.19889502762430938,boa-negotiator.boaframework.offeringstrategy.anac2010.AgentK_Offering-C..Users.Arvid.workspace.IN4010.bin.boaexample.Group39_AS_e_k-negotiator.boaframework.opponentmodel.AgentLGModel-negotiator.boaframework.omstrategy.NTFTstrategy@6,(Offer  bid:Bid[Food: Chips and Nuts, Drinks: Beer Only, Location: Party Room, Invitations: Custom, Handmade, Music: DJ, Cleanup: Specialized Materials])
36,2,0.19889502762430938,boa-negotiator.boaframework.offeringstrategy.anac2010.AgentK_Offering-C..Users.Arvid.workspace.IN4010.bin.boaexample.Group39_AS_e_k-negotiator.boaframework.opponentmodel.AgentLGModel-negotiator.boaframework.omstrategy.NTFTstrategy@7,(Offer  bid:Bid[Food: Catering, Drinks: Handmade Cocktails, Location: Party Room, Invitations: Custom, Printed, Music: MP3, Cleanup: Water and Soap])
37,1,0.20441988950276244,boa-negotiator.boaframework.offeringstrategy.anac2010.AgentK_Offering-C..Users.Arvid.workspace.IN4010.bin.boaexample.Group39_AS_e_k-negotiator.boaframework.opponentmodel.AgentLGModel-negotiator.boaframework.omstrategy.NTFTstrategy@6,(Offer  bid:Bid[Food: Chips and Nuts, Drinks: Beer Only, Location: Party Room, Invitations: Custom, Handmade, Music: DJ, Cleanup: Specialized Materials])
37,2,0.20441988950276244,boa-negotiator.boaframework.offeringstrategy.anac2010.AgentK_Offering-C..Users.Arvid.workspace.IN4010.bin.boaexample.Group39_AS_e_k-negotiator.boaframework.opponentmodel.AgentLGModel-negotiator.boaframework.omstrategy.NTFTstrategy@7,(Offer  bid:Bid[Food: Catering, Drinks: Handmade Cocktails, Location: Party Room, Invitations: Custom, Printed, Music: MP3, Cleanup: Water and Soap])
38,1,0.20994475138121546,boa-negotiator.boaframework.offeringstrategy.anac2010.AgentK_Offering-C..Users.Arvid.workspace.IN4010.bin.boaexample.Group39_AS_e_k-negotiator.boaframework.opponentmodel.AgentLGModel-negotiator.boaframework.omstrategy.NTFTstrategy@6,(Offer  bid:Bid[Food: Chips and Nuts, Drinks: Beer Only, Location: Party Room, Invitations: Custom, Handmade, Music: DJ, Cleanup: Specialized Materials])
38,2,0.20994475138121546,boa-negotiator.boaframework.offeringstrategy.anac2010.AgentK_Offering-C..Users.Arvid.workspace.IN4010.bin.boaexample.Group39_AS_e_k-negotiator.boaframework.opponentmodel.AgentLGModel-negotiator.boaframework.omstrategy.NTFTstrategy@7,(Offer  bid:Bid[Food: Catering, Drinks: Handmade Cocktails, Location: Party Room, Invitations: Custom, Printed, Music: MP3, Cleanup: Water and Soap])
39,1,0.2154696132596685,boa-negotiator.boaframework.offeringstrategy.anac2010.AgentK_Offering-C..Users.Arvid.workspace.IN4010.bin.boaexample.Group39_AS_e_k-negotiator.boaframework.opponentmodel.AgentLGModel-negotiator.boaframework.omstrategy.NTFTstrategy@6,(Offer  bid:Bid[Food: Chips and Nuts, Drinks: Beer Only, Location: Party Room, Invitations: Custom, Handmade, Music: DJ, Cleanup: Specialized Materials])
39,2,0.2154696132596685,boa-negotiator.boaframework.offeringstrategy.anac2010.AgentK_Offering-C..Users.Arvid.workspace.IN4010.bin.boaexample.Group39_AS_e_k-negotiator.boaframework.opponentmodel.AgentLGModel-negotiator.boaframework.omstrategy.NTFTstrategy@7,(Offer  bid:Bid[Food: Catering, Drinks: Handmade Cocktails, Location: Party Room, Invitations: Custom, Printed, Music: MP3, Cleanup: Water and Soap])
40,1,0.22099447513812154,boa-negotiator.boaframework.offeringstrategy.anac2010.AgentK_Offering-C..Users.Arvid.workspace.IN4010.bin.boaexample.Group39_AS_e_k-negotiator.boaframework.opponentmodel.AgentLGModel-negotiator.boaframework.omstrategy.NTFTstrategy@6,(Offer  bid:Bid[Food: Chips and Nuts, Drinks: Beer Only, Location: Party Room, Invitations: Custom, Handmade, Music: DJ, Cleanup: Specialized Materials])
40,2,0.22099447513812154,boa-negotiator.boaframework.offeringstrategy.anac2010.AgentK_Offering-C..Users.Arvid.workspace.IN4010.bin.boaexample.Group39_AS_e_k-negotiator.boaframework.opponentmodel.AgentLGModel-negotiator.boaframework.omstrategy.NTFTstrategy@7,(Offer  bid:Bid[Food: Catering, Drinks: Handmade Cocktails, Location: Party Room, Invitations: Custom, Printed, Music: MP3, Cleanup: Water and Soap])
41,1,0.2265193370165746,boa-negotiator.boaframework.offeringstrategy.anac2010.AgentK_Offering-C..Users.Arvid.workspace.IN4010.bin.boaexample.Group39_AS_e_k-negotiator.boaframework.opponentmodel.AgentLGModel-negotiator.boaframework.omstrategy.NTFTstrategy@6,(Offer  bid:Bid[Food: Chips and Nuts, Drinks: Beer Only, Location: Party Room, Invitations: Custom, Handmade, Music: DJ, Cleanup: Specialized Materials])
41,2,0.2265193370165746,boa-negotiator.boaframework.offeringstrategy.anac2010.AgentK_Offering-C..Users.Arvid.workspace.IN4010.bin.boaexample.Group39_AS_e_k-negotiator.boaframework.opponentmodel.AgentLGModel-negotiator.boaframework.omstrategy.NTFTstrategy@7,(Offer  bid:Bid[Food: Catering, Drinks: Handmade Cocktails, Location: Party Room, Invitations: Custom, Printed, Music: MP3, Cleanup: Water and Soap])
42,1,0.23204419889502761,boa-negotiator.boaframework.offeringstrategy.anac2010.AgentK_Offering-C..Users.Arvid.workspace.IN4010.bin.boaexample.Group39_AS_e_k-negotiator.boaframework.opponentmodel.AgentLGModel-negotiator.boaframework.omstrategy.NTFTstrategy@6,(Offer  bid:Bid[Food: Chips and Nuts, Drinks: Beer Only, Location: Party Room, Invitations: Custom, Handmade, Music: DJ, Cleanup: Specialized Materials])
42,2,0.23204419889502761,boa-negotiator.boaframework.offeringstrategy.anac2010.AgentK_Offering-C..Users.Arvid.workspace.IN4010.bin.boaexample.Group39_AS_e_k-negotiator.boaframework.opponentmodel.AgentLGModel-negotiator.boaframework.omstrategy.NTFTstrategy@7,(Offer  bid:Bid[Food: Catering, Drinks: Handmade Cocktails, Location: Party Room, Invitations: Custom, Printed, Music: MP3, Cleanup: Water and Soap])
43,1,0.23756906077348067,boa-negotiator.boaframework.offeringstrategy.anac2010.AgentK_Offering-C..Users.Arvid.workspace.IN4010.bin.boaexample.Group39_AS_e_k-negotiator.boaframework.opponentmodel.AgentLGModel-negotiator.boaframework.omstrategy.NTFTstrategy@6,(Offer  bid:Bid[Food: Chips and Nuts, Drinks: Beer Only, Location: Party Room, Invitations: Custom, Handmade, Music: DJ, Cleanup: Specialized Materials])
43,2,0.23756906077348067,boa-negotiator.boaframework.offeringstrategy.anac2010.AgentK_Offering-C..Users.Arvid.workspace.IN4010.bin.boaexample.Group39_AS_e_k-negotiator.boaframework.opponentmodel.AgentLGModel-negotiator.boaframework.omstrategy.NTFTstrategy@7,(Offer  bid:Bid[Food: Catering, Drinks: Handmade Cocktails, Location: Party Room, Invitations: Custom, Printed, Music: MP3, Cleanup: Water and Soap])
44,1,0.2430939226519337,boa-negotiator.boaframework.offeringstrategy.anac2010.AgentK_Offering-C..Users.Arvid.workspace.IN4010.bin.boaexample.Group39_AS_e_k-negotiator.boaframework.opponentmodel.AgentLGModel-negotiator.boaframework.omstrategy.NTFTstrategy@6,(Offer  bid:Bid[Food: Chips and Nuts, Drinks: Beer Only, Location: Party Room, Invitations: Custom, Handmade, Music: DJ, Cleanup: Specialized Materials])
44,2,0.2430939226519337,boa-negotiator.boaframework.offeringstrategy.anac2010.AgentK_Offering-C..Users.Arvid.workspace.IN4010.bin.boaexample.Group39_AS_e_k-negotiator.boaframework.opponentmodel.AgentLGModel-negotiator.boaframework.omstrategy.NTFTstrategy@7,(Offer  bid:Bid[Food: Catering, Drinks: Handmade Cocktails, Location: Party Room, Invitations: Custom, Printed, Music: MP3, Cleanup: Water and Soap])
45,1,0.24861878453038674,boa-negotiator.boaframework.offeringstrategy.anac2010.AgentK_Offering-C..Users.Arvid.workspace.IN4010.bin.boaexample.Group39_AS_e_k-negotiator.boaframework.opponentmodel.AgentLGModel-negotiator.boaframework.omstrategy.NTFTstrategy@6,(Offer  bid:Bid[Food: Chips and Nuts, Drinks: Beer Only, Location: Party Room, Invitations: Custom, Handmade, Music: DJ, Cleanup: Specialized Materials])
45,2,0.24861878453038674,boa-negotiator.boaframework.offeringstrategy.anac2010.AgentK_Offering-C..Users.Arvid.workspace.IN4010.bin.boaexample.Group39_AS_e_k-negotiator.boaframework.opponentmodel.AgentLGModel-negotiator.boaframework.omstrategy.NTFTstrategy@7,(Offer  bid:Bid[Food: Catering, Drinks: Handmade Cocktails, Location: Party Room, Invitations: Custom, Printed, Music: MP3, Cleanup: Water and Soap])
46,1,0.2541436464088398,boa-negotiator.boaframework.offeringstrategy.anac2010.AgentK_Offering-C..Users.Arvid.workspace.IN4010.bin.boaexample.Group39_AS_e_k-negotiator.boaframework.opponentmodel.AgentLGModel-negotiator.boaframework.omstrategy.NTFTstrategy@6,(Offer  bid:Bid[Food: Chips and Nuts, Drinks: Beer Only, Location: Party Room, Invitations: Custom, Handmade, Music: DJ, Cleanup: Specialized Materials])
46,2,0.2541436464088398,boa-negotiator.boaframework.offeringstrategy.anac2010.AgentK_Offering-C..Users.Arvid.workspace.IN4010.bin.boaexample.Group39_AS_e_k-negotiator.boaframework.opponentmodel.AgentLGModel-negotiator.boaframework.omstrategy.NTFTstrategy@7,(Offer  bid:Bid[Food: Catering, Drinks: Handmade Cocktails, Location: Party Room, Invitations: Custom, Printed, Music: MP3, Cleanup: Water and Soap])
47,1,0.2596685082872928,boa-negotiator.boaframework.offeringstrategy.anac2010.AgentK_Offering-C..Users.Arvid.workspace.IN4010.bin.boaexample.Group39_AS_e_k-negotiator.boaframework.opponentmodel.AgentLGModel-negotiator.boaframework.omstrategy.NTFTstrategy@6,(Offer  bid:Bid[Food: Chips and Nuts, Drinks: Beer Only, Location: Party Room, Invitations: Custom, Handmade, Music: DJ, Cleanup: Specialized Materials])
47,2,0.2596685082872928,boa-negotiator.boaframework.offeringstrategy.anac2010.AgentK_Offering-C..Users.Arvid.workspace.IN4010.bin.boaexample.Group39_AS_e_k-negotiator.boaframework.opponentmodel.AgentLGModel-negotiator.boaframework.omstrategy.NTFTstrategy@7,(Offer  bid:Bid[Food: Catering, Drinks: Handmade Cocktails, Location: Party Room, Invitations: Custom, Printed, Music: MP3, Cleanup: Water and Soap])
48,1,0.26519337016574585,boa-negotiator.boaframework.offeringstrategy.anac2010.AgentK_Offering-C..Users.Arvid.workspace.IN4010.bin.boaexample.Group39_AS_e_k-negotiator.boaframework.opponentmodel.AgentLGModel-negotiator.boaframework.omstrategy.NTFTstrategy@6,(Offer  bid:Bid[Food: Chips and Nuts, Drinks: Beer Only, Location: Party Room, Invitations: Custom, Handmade, Music: DJ, Cleanup: Specialized Materials])
48,2,0.26519337016574585,boa-negotiator.boaframework.offeringstrategy.anac2010.AgentK_Offering-C..Users.Arvid.workspace.IN4010.bin.boaexample.Group39_AS_e_k-negotiator.boaframework.opponentmodel.AgentLGModel-negotiator.boaframework.omstrategy.NTFTstrategy@7,(Offer  bid:Bid[Food: Catering, Drinks: Handmade Cocktails, Location: Party Room, Invitations: Custom, Printed, Music: MP3, Cleanup: Water and Soap])
49,1,0.27071823204419887,boa-negotiator.boaframework.offeringstrategy.anac2010.AgentK_Offering-C..Users.Arvid.workspace.IN4010.bin.boaexample.Group39_AS_e_k-negotiator.boaframework.opponentmodel.AgentLGModel-negotiator.boaframework.omstrategy.NTFTstrategy@6,(Offer  bid:Bid[Food: Chips and Nuts, Drinks: Beer Only, Location: Party Room, Invitations: Custom, Handmade, Music: DJ, Cleanup: Specialized Materials])
49,2,0.27071823204419887,boa-negotiator.boaframework.offeringstrategy.anac2010.AgentK_Offering-C..Users.Arvid.workspace.IN4010.bin.boaexample.Group39_AS_e_k-negotiator.boaframework.opponentmodel.AgentLGModel-negotiator.boaframework.omstrategy.NTFTstrategy@7,(Offer  bid:Bid[Food: Catering, Drinks: Handmade Cocktails, Location: Party Room, Invitations: Custom, Printed, Music: MP3, Cleanup: Water and Soap])
50,1,0.27624309392265195,boa-negotiator.boaframework.offeringstrategy.anac2010.AgentK_Offering-C..Users.Arvid.workspace.IN4010.bin.boaexample.Group39_AS_e_k-negotiator.boaframework.opponentmodel.AgentLGModel-negotiator.boaframework.omstrategy.NTFTstrategy@6,(Offer  bid:Bid[Food: Chips and Nuts, Drinks: Beer Only, Location: Party Room, Invitations: Custom, Handmade, Music: DJ, Cleanup: Specialized Materials])
50,2,0.27624309392265195,boa-negotiator.boaframework.offeringstrategy.anac2010.AgentK_Offering-C..Users.Arvid.workspace.IN4010.bin.boaexample.Group39_AS_e_k-negotiator.boaframework.opponentmodel.AgentLGModel-negotiator.boaframework.omstrategy.NTFTstrategy@7,(Offer  bid:Bid[Food: Catering, Drinks: Handmade Cocktails, Location: Party Room, Invitations: Custom, Printed, Music: MP3, Cleanup: Water and Soap])
51,1,0.281767955801105,boa-negotiator.boaframework.offeringstrategy.anac2010.AgentK_Offering-C..Users.Arvid.workspace.IN4010.bin.boaexample.Group39_AS_e_k-negotiator.boaframework.opponentmodel.AgentLGModel-negotiator.boaframework.omstrategy.NTFTstrategy@6,(Offer  bid:Bid[Food: Chips and Nuts, Drinks: Beer Only, Location: Party Room, Invitations: Custom, Handmade, Music: DJ, Cleanup: Specialized Materials])
51,2,0.281767955801105,boa-negotiator.boaframework.offeringstrategy.anac2010.AgentK_Offering-C..Users.Arvid.workspace.IN4010.bin.boaexample.Group39_AS_e_k-negotiator.boaframework.opponentmodel.AgentLGModel-negotiator.boaframework.omstrategy.NTFTstrategy@7,(Offer  bid:Bid[Food: Catering, Drinks: Handmade Cocktails, Location: Party Room, Invitations: Custom, Printed, Music: MP3, Cleanup: Water and Soap])
52,1,0.287292817679558,boa-negotiator.boaframework.offeringstrategy.anac2010.AgentK_Offering-C..Users.Arvid.workspace.IN4010.bin.boaexample.Group39_AS_e_k-negotiator.boaframework.opponentmodel.AgentLGModel-negotiator.boaframework.omstrategy.NTFTstrategy@6,(Offer  bid:Bid[Food: Chips and Nuts, Drinks: Beer Only, Location: Party Room, Invitations: Custom, Handmade, Music: DJ, Cleanup: Specialized Materials])
52,2,0.287292817679558,boa-negotiator.boaframework.offeringstrategy.anac2010.AgentK_Offering-C..Users.Arvid.workspace.IN4010.bin.boaexample.Group39_AS_e_k-negotiator.boaframework.opponentmodel.AgentLGModel-negotiator.boaframework.omstrategy.NTFTstrategy@7,(Offer  bid:Bid[Food: Catering, Drinks: Handmade Cocktails, Location: Party Room, Invitations: Custom, Printed, Music: MP3, Cleanup: Water and Soap])
53,1,0.292817679558011,boa-negotiator.boaframework.offeringstrategy.anac2010.AgentK_Offering-C..Users.Arvid.workspace.IN4010.bin.boaexample.Group39_AS_e_k-negotiator.boaframework.opponentmodel.AgentLGModel-negotiator.boaframework.omstrategy.NTFTstrategy@6,(Offer  bid:Bid[Food: Chips and Nuts, Drinks: Beer Only, Location: Party Room, Invitations: Custom, Handmade, Music: DJ, Cleanup: Specialized Materials])
53,2,0.292817679558011,boa-negotiator.boaframework.offeringstrategy.anac2010.AgentK_Offering-C..Users.Arvid.workspace.IN4010.bin.boaexample.Group39_AS_e_k-negotiator.boaframework.opponentmodel.AgentLGModel-negotiator.boaframework.omstrategy.NTFTstrategy@7,(Offer  bid:Bid[Food: Catering, Drinks: Handmade Cocktails, Location: Party Room, Invitations: Custom, Printed, Music: MP3, Cleanup: Water and Soap])
54,1,0.2983425414364641,boa-negotiator.boaframework.offeringstrategy.anac2010.AgentK_Offering-C..Users.Arvid.workspace.IN4010.bin.boaexample.Group39_AS_e_k-negotiator.boaframework.opponentmodel.AgentLGModel-negotiator.boaframework.omstrategy.NTFTstrategy@6,(Offer  bid:Bid[Food: Chips and Nuts, Drinks: Beer Only, Location: Party Room, Invitations: Custom, Handmade, Music: DJ, Cleanup: Specialized Materials])
54,2,0.2983425414364641,boa-negotiator.boaframework.offeringstrategy.anac2010.AgentK_Offering-C..Users.Arvid.workspace.IN4010.bin.boaexample.Group39_AS_e_k-negotiator.boaframework.opponentmodel.AgentLGModel-negotiator.boaframework.omstrategy.NTFTstrategy@7,(Offer  bid:Bid[Food: Catering, Drinks: Handmade Cocktails, Location: Party Room, Invitations: Custom, Printed, Music: MP3, Cleanup: Water and Soap])
55,1,0.30386740331491713,boa-negotiator.boaframework.offeringstrategy.anac2010.AgentK_Offering-C..Users.Arvid.workspace.IN4010.bin.boaexample.Group39_AS_e_k-negotiator.boaframework.opponentmodel.AgentLGModel-negotiator.boaframework.omstrategy.NTFTstrategy@6,(Offer  bid:Bid[Food: Chips and Nuts, Drinks: Beer Only, Location: Party Room, Invitations: Custom, Handmade, Music: DJ, Cleanup: Specialized Materials])
55,2,0.30386740331491713,boa-negotiator.boaframework.offeringstrategy.anac2010.AgentK_Offering-C..Users.Arvid.workspace.IN4010.bin.boaexample.Group39_AS_e_k-negotiator.boaframework.opponentmodel.AgentLGModel-negotiator.boaframework.omstrategy.NTFTstrategy@7,(Offer  bid:Bid[Food: Catering, Drinks: Handmade Cocktails, Location: Party Room, Invitations: Custom, Printed, Music: MP3, Cleanup: Water and Soap])
56,1,0.30939226519337015,boa-negotiator.boaframework.offeringstrategy.anac2010.AgentK_Offering-C..Users.Arvid.workspace.IN4010.bin.boaexample.Group39_AS_e_k-negotiator.boaframework.opponentmodel.AgentLGModel-negotiator.boaframework.omstrategy.NTFTstrategy@6,(Offer  bid:Bid[Food: Chips and Nuts, Drinks: Beer Only, Location: Party Room, Invitations: Custom, Handmade, Music: DJ, Cleanup: Specialized Materials])
56,2,0.30939226519337015,boa-negotiator.boaframework.offeringstrategy.anac2010.AgentK_Offering-C..Users.Arvid.workspace.IN4010.bin.boaexample.Group39_AS_e_k-negotiator.boaframework.opponentmodel.AgentLGModel-negotiator.boaframework.omstrategy.NTFTstrategy@7,(Offer  bid:Bid[Food: Catering, Drinks: Handmade Cocktails, Location: Party Room, Invitations: Custom, Printed, Music: MP3, Cleanup: Water and Soap])
57,1,0.3149171270718232,boa-negotiator.boaframework.offeringstrategy.anac2010.AgentK_Offering-C..Users.Arvid.workspace.IN4010.bin.boaexample.Group39_AS_e_k-negotiator.boaframework.opponentmodel.AgentLGModel-negotiator.boaframework.omstrategy.NTFTstrategy@6,(Offer  bid:Bid[Food: Chips and Nuts, Drinks: Beer Only, Location: Party Room, Invitations: Custom, Handmade, Music: DJ, Cleanup: Specialized Materials])
57,2,0.3149171270718232,boa-negotiator.boaframework.offeringstrategy.anac2010.AgentK_Offering-C..Users.Arvid.workspace.IN4010.bin.boaexample.Group39_AS_e_k-negotiator.boaframework.opponentmodel.AgentLGModel-negotiator.boaframework.omstrategy.NTFTstrategy@7,(Offer  bid:Bid[Food: Catering, Drinks: Handmade Cocktails, Location: Party Room, Invitations: Custom, Printed, Music: MP3, Cleanup: Water and Soap])
58,1,0.32044198895027626,boa-negotiator.boaframework.offeringstrategy.anac2010.AgentK_Offering-C..Users.Arvid.workspace.IN4010.bin.boaexample.Group39_AS_e_k-negotiator.boaframework.opponentmodel.AgentLGModel-negotiator.boaframework.omstrategy.NTFTstrategy@6,(Offer  bid:Bid[Food: Chips and Nuts, Drinks: Beer Only, Location: Party Room, Invitations: Custom, Handmade, Music: DJ, Cleanup: Specialized Materials])
58,2,0.32044198895027626,boa-negotiator.boaframework.offeringstrategy.anac2010.AgentK_Offering-C..Users.Arvid.workspace.IN4010.bin.boaexample.Group39_AS_e_k-negotiator.boaframework.opponentmodel.AgentLGModel-negotiator.boaframework.omstrategy.NTFTstrategy@7,(Offer  bid:Bid[Food: Catering, Drinks: Handmade Cocktails, Location: Party Room, Invitations: Custom, Printed, Music: MP3, Cleanup: Water and Soap])
59,1,0.3259668508287293,boa-negotiator.boaframework.offeringstrategy.anac2010.AgentK_Offering-C..Users.Arvid.workspace.IN4010.bin.boaexample.Group39_AS_e_k-negotiator.boaframework.opponentmodel.AgentLGModel-negotiator.boaframework.omstrategy.NTFTstrategy@6,(Offer  bid:Bid[Food: Chips and Nuts, Drinks: Beer Only, Location: Party Room, Invitations: Custom, Handmade, Music: DJ, Cleanup: Specialized Materials])
59,2,0.3259668508287293,boa-negotiator.boaframework.offeringstrategy.anac2010.AgentK_Offering-C..Users.Arvid.workspace.IN4010.bin.boaexample.Group39_AS_e_k-negotiator.boaframework.opponentmodel.AgentLGModel-negotiator.boaframework.omstrategy.NTFTstrategy@7,(Offer  bid:Bid[Food: Catering, Drinks: Handmade Cocktails, Location: Party Room, Invitations: Custom, Printed, Music: MP3, Cleanup: Water and Soap])
60,1,0.3314917127071823,boa-negotiator.boaframework.offeringstrategy.anac2010.AgentK_Offering-C..Users.Arvid.workspace.IN4010.bin.boaexample.Group39_AS_e_k-negotiator.boaframework.opponentmodel.AgentLGModel-negotiator.boaframework.omstrategy.NTFTstrategy@6,(Offer  bid:Bid[Food: Chips and Nuts, Drinks: Beer Only, Location: Party Room, Invitations: Custom, Handmade, Music: DJ, Cleanup: Specialized Materials])
60,2,0.3314917127071823,boa-negotiator.boaframework.offeringstrategy.anac2010.AgentK_Offering-C..Users.Arvid.workspace.IN4010.bin.boaexample.Group39_AS_e_k-negotiator.boaframework.opponentmodel.AgentLGModel-negotiator.boaframework.omstrategy.NTFTstrategy@7,(Offer  bid:Bid[Food: Catering, Drinks: Handmade Cocktails, Location: Party Room, Invitations: Custom, Printed, Music: MP3, Cleanup: Water and Soap])
61,1,0.3370165745856354,boa-negotiator.boaframework.offeringstrategy.anac2010.AgentK_Offering-C..Users.Arvid.workspace.IN4010.bin.boaexample.Group39_AS_e_k-negotiator.boaframework.opponentmodel.AgentLGModel-negotiator.boaframework.omstrategy.NTFTstrategy@6,(Offer  bid:Bid[Food: Chips and Nuts, Drinks: Beer Only, Location: Party Room, Invitations: Custom, Handmade, Music: DJ, Cleanup: Specialized Materials])
61,2,0.3370165745856354,boa-negotiator.boaframework.offeringstrategy.anac2010.AgentK_Offering-C..Users.Arvid.workspace.IN4010.bin.boaexample.Group39_AS_e_k-negotiator.boaframework.opponentmodel.AgentLGModel-negotiator.boaframework.omstrategy.NTFTstrategy@7,(Offer  bid:Bid[Food: Catering, Drinks: Handmade Cocktails, Location: Party Room, Invitations: Custom, Printed, Music: MP3, Cleanup: Water and Soap])
62,1,0.3425414364640884,boa-negotiator.boaframework.offeringstrategy.anac2010.AgentK_Offering-C..Users.Arvid.workspace.IN4010.bin.boaexample.Group39_AS_e_k-negotiator.boaframework.opponentmodel.AgentLGModel-negotiator.boaframework.omstrategy.NTFTstrategy@6,(Offer  bid:Bid[Food: Chips and Nuts, Drinks: Beer Only, Location: Party Room, Invitations: Custom, Handmade, Music: DJ, Cleanup: Specialized Materials])
62,2,0.3425414364640884,boa-negotiator.boaframework.offeringstrategy.anac2010.AgentK_Offering-C..Users.Arvid.workspace.IN4010.bin.boaexample.Group39_AS_e_k-negotiator.boaframework.opponentmodel.AgentLGModel-negotiator.boaframework.omstrategy.NTFTstrategy@7,(Offer  bid:Bid[Food: Catering, Drinks: Handmade Cocktails, Location: Party Room, Invitations: Custom, Printed, Music: MP3, Cleanup: Water and Soap])
63,1,0.34806629834254144,boa-negotiator.boaframework.offeringstrategy.anac2010.AgentK_Offering-C..Users.Arvid.workspace.IN4010.bin.boaexample.Group39_AS_e_k-negotiator.boaframework.opponentmodel.AgentLGModel-negotiator.boaframework.omstrategy.NTFTstrategy@6,(Offer  bid:Bid[Food: Chips and Nuts, Drinks: Beer Only, Location: Party Room, Invitations: Custom, Handmade, Music: DJ, Cleanup: Specialized Materials])
63,2,0.34806629834254144,boa-negotiator.boaframework.offeringstrategy.anac2010.AgentK_Offering-C..Users.Arvid.workspace.IN4010.bin.boaexample.Group39_AS_e_k-negotiator.boaframework.opponentmodel.AgentLGModel-negotiator.boaframework.omstrategy.NTFTstrategy@7,(Offer  bid:Bid[Food: Handmade Food, Drinks: Handmade Cocktails, Location: Party Room, Invitations: Custom, Printed, Music: MP3, Cleanup: Water and Soap])
64,1,0.35359116022099446,boa-negotiator.boaframework.offeringstrategy.anac2010.AgentK_Offering-C..Users.Arvid.workspace.IN4010.bin.boaexample.Group39_AS_e_k-negotiator.boaframework.opponentmodel.AgentLGModel-negotiator.boaframework.omstrategy.NTFTstrategy@6,(Offer  bid:Bid[Food: Chips and Nuts, Drinks: Beer Only, Location: Party Room, Invitations: Custom, Handmade, Music: DJ, Cleanup: Specialized Materials])
64,2,0.35359116022099446,boa-negotiator.boaframework.offeringstrategy.anac2010.AgentK_Offering-C..Users.Arvid.workspace.IN4010.bin.boaexample.Group39_AS_e_k-negotiator.boaframework.opponentmodel.AgentLGModel-negotiator.boaframework.omstrategy.NTFTstrategy@7,(Offer  bid:Bid[Food: Catering, Drinks: Handmade Cocktails, Location: Party Room, Invitations: Custom, Printed, Music: MP3, Cleanup: Water and Soap])
65,1,0.35911602209944754,boa-negotiator.boaframework.offeringstrategy.anac2010.AgentK_Offering-C..Users.Arvid.workspace.IN4010.bin.boaexample.Group39_AS_e_k-negotiator.boaframework.opponentmodel.AgentLGModel-negotiator.boaframework.omstrategy.NTFTstrategy@6,(Offer  bid:Bid[Food: Chips and Nuts, Drinks: Beer Only, Location: Party Room, Invitations: Custom, Handmade, Music: DJ, Cleanup: Specialized Materials])
65,2,0.35911602209944754,boa-negotiator.boaframework.offeringstrategy.anac2010.AgentK_Offering-C..Users.Arvid.workspace.IN4010.bin.boaexample.Group39_AS_e_k-negotiator.boaframework.opponentmodel.AgentLGModel-negotiator.boaframework.omstrategy.NTFTstrategy@7,(Offer  bid:Bid[Food: Catering, Drinks: Handmade Cocktails, Location: Party Room, Invitations: Custom, Printed, Music: MP3, Cleanup: Water and Soap])
66,1,0.36464088397790057,boa-negotiator.boaframework.offeringstrategy.anac2010.AgentK_Offering-C..Users.Arvid.workspace.IN4010.bin.boaexample.Group39_AS_e_k-negotiator.boaframework.opponentmodel.AgentLGModel-negotiator.boaframework.omstrategy.NTFTstrategy@6,(Offer  bid:Bid[Food: Chips and Nuts, Drinks: Beer Only, Location: Party Room, Invitations: Custom, Handmade, Music: DJ, Cleanup: Specialized Materials])
66,2,0.36464088397790057,boa-negotiator.boaframework.offeringstrategy.anac2010.AgentK_Offering-C..Users.Arvid.workspace.IN4010.bin.boaexample.Group39_AS_e_k-negotiator.boaframework.opponentmodel.AgentLGModel-negotiator.boaframework.omstrategy.NTFTstrategy@7,(Offer  bid:Bid[Food: Catering, Drinks: Handmade Cocktails, Location: Party Room, Invitations: Custom, Printed, Music: MP3, Cleanup: Water and Soap])
67,1,0.3701657458563536,boa-negotiator.boaframework.offeringstrategy.anac2010.AgentK_Offering-C..Users.Arvid.workspace.IN4010.bin.boaexample.Group39_AS_e_k-negotiator.boaframework.opponentmodel.AgentLGModel-negotiator.boaframework.omstrategy.NTFTstrategy@6,(Offer  bid:Bid[Food: Chips and Nuts, Drinks: Beer Only, Location: Party Room, Invitations: Custom, Handmade, Music: DJ, Cleanup: Specialized Materials])
67,2,0.3701657458563536,boa-negotiator.boaframework.offeringstrategy.anac2010.AgentK_Offering-C..Users.Arvid.workspace.IN4010.bin.boaexample.Group39_AS_e_k-negotiator.boaframework.opponentmodel.AgentLGModel-negotiator.boaframework.omstrategy.NTFTstrategy@7,(Offer  bid:Bid[Food: Catering, Drinks: Handmade Cocktails, Location: Party Room, Invitations: Plain, Music: MP3, Cleanup: Water and Soap])
68,1,0.3756906077348066,boa-negotiator.boaframework.offeringstrategy.anac2010.AgentK_Offering-C..Users.Arvid.workspace.IN4010.bin.boaexample.Group39_AS_e_k-negotiator.boaframework.opponentmodel.AgentLGModel-negotiator.boaframework.omstrategy.NTFTstrategy@6,(Offer  bid:Bid[Food: Chips and Nuts, Drinks: Beer Only, Location: Party Room, Invitations: Custom, Handmade, Music: DJ, Cleanup: Specialized Materials])
68,2,0.3756906077348066,boa-negotiator.boaframework.offeringstrategy.anac2010.AgentK_Offering-C..Users.Arvid.workspace.IN4010.bin.boaexample.Group39_AS_e_k-negotiator.boaframework.opponentmodel.AgentLGModel-negotiator.boaframework.omstrategy.NTFTstrategy@7,(Offer  bid:Bid[Food: Catering, Drinks: Handmade Cocktails, Location: Party Room, Invitations: Custom, Printed, Music: MP3, Cleanup: Water and Soap])
69,1,0.3812154696132597,boa-negotiator.boaframework.offeringstrategy.anac2010.AgentK_Offering-C..Users.Arvid.workspace.IN4010.bin.boaexample.Group39_AS_e_k-negotiator.boaframework.opponentmodel.AgentLGModel-negotiator.boaframework.omstrategy.NTFTstrategy@6,(Offer  bid:Bid[Food: Chips and Nuts, Drinks: Beer Only, Location: Party Room, Invitations: Custom, Handmade, Music: DJ, Cleanup: Specialized Materials])
69,2,0.3812154696132597,boa-negotiator.boaframework.offeringstrategy.anac2010.AgentK_Offering-C..Users.Arvid.workspace.IN4010.bin.boaexample.Group39_AS_e_k-negotiator.boaframework.opponentmodel.AgentLGModel-negotiator.boaframework.omstrategy.NTFTstrategy@7,(Offer  bid:Bid[Food: Catering, Drinks: Handmade Cocktails, Location: Party Room, Invitations: Custom, Printed, Music: MP3, Cleanup: Water and Soap])
70,1,0.3867403314917127,boa-negotiator.boaframework.offeringstrategy.anac2010.AgentK_Offering-C..Users.Arvid.workspace.IN4010.bin.boaexample.Group39_AS_e_k-negotiator.boaframework.opponentmodel.AgentLGModel-negotiator.boaframework.omstrategy.NTFTstrategy@6,(Offer  bid:Bid[Food: Chips and Nuts, Drinks: Beer Only, Location: Party Room, Invitations: Custom, Handmade, Music: DJ, Cleanup: Specialized Materials])
70,2,0.3867403314917127,boa-negotiator.boaframework.offeringstrategy.anac2010.AgentK_Offering-C..Users.Arvid.workspace.IN4010.bin.boaexample.Group39_AS_e_k-negotiator.boaframework.opponentmodel.AgentLGModel-negotiator.boaframework.omstrategy.NTFTstrategy@7,(Offer  bid:Bid[Food: Catering, Drinks: Handmade Cocktails, Location: Party Room, Invitations: Custom, Printed, Music: MP3, Cleanup: Water and Soap])
71,1,0.39226519337016574,boa-negotiator.boaframework.offeringstrategy.anac2010.AgentK_Offering-C..Users.Arvid.workspace.IN4010.bin.boaexample.Group39_AS_e_k-negotiator.boaframework.opponentmodel.AgentLGModel-negotiator.boaframework.omstrategy.NTFTstrategy@6,(Offer  bid:Bid[Food: Chips and Nuts, Drinks: Beer Only, Location: Party Room, Invitations: Custom, Handmade, Music: DJ, Cleanup: Specialized Materials])
71,2,0.39226519337016574,boa-negotiator.boaframework.offeringstrategy.anac2010.AgentK_Offering-C..Users.Arvid.workspace.IN4010.bin.boaexample.Group39_AS_e_k-negotiator.boaframework.opponentmodel.AgentLGModel-negotiator.boaframework.omstrategy.NTFTstrategy@7,(Offer  bid:Bid[Food: Catering, Drinks: Handmade Cocktails, Location: Party Room, Invitations: Plain, Music: MP3, Cleanup: Water and Soap])
72,1,0.39779005524861877,boa-negotiator.boaframework.offeringstrategy.anac2010.AgentK_Offering-C..Users.Arvid.workspace.IN4010.bin.boaexample.Group39_AS_e_k-negotiator.boaframework.opponentmodel.AgentLGModel-negotiator.boaframework.omstrategy.NTFTstrategy@6,(Offer  bid:Bid[Food: Chips and Nuts, Drinks: Beer Only, Location: Party Room, Invitations: Custom, Handmade, Music: DJ, Cleanup: Specialized Materials])
72,2,0.39779005524861877,boa-negotiator.boaframework.offeringstrategy.anac2010.AgentK_Offering-C..Users.Arvid.workspace.IN4010.bin.boaexample.Group39_AS_e_k-negotiator.boaframework.opponentmodel.AgentLGModel-negotiator.boaframework.omstrategy.NTFTstrategy@7,(Offer  bid:Bid[Food: Catering, Drinks: Handmade Cocktails, Location: Party Room, Invitations: Plain, Music: MP3, Cleanup: Water and Soap])
73,1,0.40331491712707185,boa-negotiator.boaframework.offeringstrategy.anac2010.AgentK_Offering-C..Users.Arvid.workspace.IN4010.bin.boaexample.Group39_AS_e_k-negotiator.boaframework.opponentmodel.AgentLGModel-negotiator.boaframework.omstrategy.NTFTstrategy@6,(Offer  bid:Bid[Food: Chips and Nuts, Drinks: Beer Only, Location: Party Room, Invitations: Custom, Handmade, Music: DJ, Cleanup: Specialized Materials])
73,2,0.40331491712707185,boa-negotiator.boaframework.offeringstrategy.anac2010.AgentK_Offering-C..Users.Arvid.workspace.IN4010.bin.boaexample.Group39_AS_e_k-negotiator.boaframework.opponentmodel.AgentLGModel-negotiator.boaframework.omstrategy.NTFTstrategy@7,(Offer  bid:Bid[Food: Catering, Drinks: Handmade Cocktails, Location: Party Room, Invitations: Custom, Printed, Music: MP3, Cleanup: Water and Soap])
74,1,0.4088397790055249,boa-negotiator.boaframework.offeringstrategy.anac2010.AgentK_Offering-C..Users.Arvid.workspace.IN4010.bin.boaexample.Group39_AS_e_k-negotiator.boaframework.opponentmodel.AgentLGModel-negotiator.boaframework.omstrategy.NTFTstrategy@6,(Offer  bid:Bid[Food: Chips and Nuts, Drinks: Beer Only, Location: Party Room, Invitations: Custom, Handmade, Music: DJ, Cleanup: Specialized Materials])
74,2,0.4088397790055249,boa-negotiator.boaframework.offeringstrategy.anac2010.AgentK_Offering-C..Users.Arvid.workspace.IN4010.bin.boaexample.Group39_AS_e_k-negotiator.boaframework.opponentmodel.AgentLGModel-negotiator.boaframework.omstrategy.NTFTstrategy@7,(Offer  bid:Bid[Food: Catering, Drinks: Handmade Cocktails, Location: Party Room, Invitations: Custom, Printed, Music: MP3, Cleanup: Water and Soap])
75,1,0.4143646408839779,boa-negotiator.boaframework.offeringstrategy.anac2010.AgentK_Offering-C..Users.Arvid.workspace.IN4010.bin.boaexample.Group39_AS_e_k-negotiator.boaframework.opponentmodel.AgentLGModel-negotiator.boaframework.omstrategy.NTFTstrategy@6,(Offer  bid:Bid[Food: Chips and Nuts, Drinks: Beer Only, Location: Party Room, Invitations: Custom, Handmade, Music: DJ, Cleanup: Specialized Materials])
75,2,0.4143646408839779,boa-negotiator.boaframework.offeringstrategy.anac2010.AgentK_Offering-C..Users.Arvid.workspace.IN4010.bin.boaexample.Group39_AS_e_k-negotiator.boaframework.opponentmodel.AgentLGModel-negotiator.boaframework.omstrategy.NTFTstrategy@7,(Offer  bid:Bid[Food: Catering, Drinks: Handmade Cocktails, Location: Party Room, Invitations: Custom, Printed, Music: MP3, Cleanup: Water and Soap])
76,1,0.4198895027624309,boa-negotiator.boaframework.offeringstrategy.anac2010.AgentK_Offering-C..Users.Arvid.workspace.IN4010.bin.boaexample.Group39_AS_e_k-negotiator.boaframework.opponentmodel.AgentLGModel-negotiator.boaframework.omstrategy.NTFTstrategy@6,(Offer  bid:Bid[Food: Chips and Nuts, Drinks: Beer Only, Location: Party Room, Invitations: Custom, Handmade, Music: DJ, Cleanup: Specialized Materials])
76,2,0.4198895027624309,boa-negotiator.boaframework.offeringstrategy.anac2010.AgentK_Offering-C..Users.Arvid.workspace.IN4010.bin.boaexample.Group39_AS_e_k-negotiator.boaframework.opponentmodel.AgentLGModel-negotiator.boaframework.omstrategy.NTFTstrategy@7,(Offer  bid:Bid[Food: Finger-Food, Drinks: Handmade Cocktails, Location: Party Room, Invitations: Custom, Printed, Music: MP3, Cleanup: Water and Soap])
77,1,0.425414364640884,boa-negotiator.boaframework.offeringstrategy.anac2010.AgentK_Offering-C..Users.Arvid.workspace.IN4010.bin.boaexample.Group39_AS_e_k-negotiator.boaframework.opponentmodel.AgentLGModel-negotiator.boaframework.omstrategy.NTFTstrategy@6,(Accept  bid:Bid[Food: Finger-Food, Drinks: Handmade Cocktails, Location: Party Room, Invitations: Custom, Printed, Music: MP3, Cleanup: Water and Soap])
agreement,Bid[Food: Finger-Food, Drinks: Handmade Cocktails, Location: Party Room, Invitations: Custom, Printed, Music: MP3, Cleanup: Water and Soap],0.7216666666666667,0.9523769815965673
